{
  "nature_contrat": {
    "precision": 0.8108108108108109,
    "recall": 1.0,
    "f1-score": 0.8955223880597014,
    "support": 30,
    "confused_with": {}
  },
  "date_fin": {
    "precision": 0.0,
    "recall": 0.0,
    "f1-score": 0.0,
    "support": 3,
    "confused_with": {
      "date_debut": 3
    }
  },
  "direction": {
    "precision": 0.875,
    "recall": 0.22580645161290322,
    "f1-score": 0.358974358974359,
    "support": 93,
    "confused_with": {}
  },
  "duree_contrat": {
    "precision": 0.6086956521739131,
    "recall": 1.0,
    "f1-score": 0.7567567567567568,
    "support": 14,
    "confused_with": {}
  },
  "effectif": {
    "precision": 0.4583333333333333,
    "recall": 1.0,
    "f1-score": 0.6285714285714286,
    "support": 11,
    "confused_with": {}
  },
  "date_mise_en_service": {
    "precision": 0.0,
    "recall": 0.0,
    "f1-score": 0.0,
    "support": 2,
    "confused_with": {
      "date_debut": 2
    }
  },
  "date_debut": {
    "precision": 0.3,
    "recall": 1.0,
    "f1-score": 0.4615384615384615,
    "support": 3,
    "confused_with": {}
  },
  "exploitation": {
    "precision": 1.0,
    "recall": 0.9886363636363636,
    "f1-score": 0.9942857142857142,
    "support": 176,
    "confused_with": {}
  },
  "micro avg": {
    "precision": 0.8377483443708609,
    "recall": 0.7620481927710844,
    "f1-score": 0.7981072555205048,
    "support": 332
  },
  "macro avg": {
    "precision": 0.5066049745397572,
    "recall": 0.6518053519061584,
    "f1-score": 0.5119561385233027,
    "support": 332
  },
  "weighted avg": {
    "precision": 0.8920564160283908,
    "recall": 0.7620481927710844,
    "f1-score": 0.7654761097415296,
    "support": 332
  },
  "accuracy": 0.8150375939849624
}