{
  "type_demande": {
    "precision": 0.0,
    "recall": 0.0,
    "f1-score": 0.0,
    "support": 60,
    "confused_with": {}
  },
  "motif": {
    "precision": 1.0,
    "recall": 0.375,
    "f1-score": 0.5454545454545454,
    "support": 8,
    "confused_with": {}
  },
  "direction": {
    "precision": 1.0,
    "recall": 0.3090909090909091,
    "f1-score": 0.4722222222222222,
    "support": 55,
    "confused_with": {}
  },
  "exploitation": {
    "precision": 1.0,
    "recall": 1.0,
    "f1-score": 1.0,
    "support": 77,
    "confused_with": {}
  },
  "intention_demande": {
    "precision": 0.0,
    "recall": 0.0,
    "f1-score": 0.0,
    "support": 47,
    "confused_with": {}
  },
  "duree_contrat": {
    "precision": 0.9230769230769231,
    "recall": 1.0,
    "f1-score": 0.9600000000000001,
    "support": 24,
    "confused_with": {}
  },
  "nom_poste": {
    "precision": 1.0,
    "recall": 0.12162162162162163,
    "f1-score": 0.21686746987951808,
    "support": 74,
    "confused_with": {}
  },
  "nature_contrat": {
    "precision": 1.0,
    "recall": 1.0,
    "f1-score": 1.0,
    "support": 31,
    "confused_with": {}
  },
  "situation_budget": {
    "precision": 0.0,
    "recall": 0.0,
    "f1-score": 0.0,
    "support": 6,
    "confused_with": {}
  },
  "nom_encadreur": {
    "precision": 0.0,
    "recall": 0.0,
    "f1-score": 0.0,
    "support": 15,
    "confused_with": {}
  },
  "date_mise_en_service": {
    "precision": 0.0,
    "recall": 0.0,
    "f1-score": 0.0,
    "support": 6,
    "confused_with": {
      "date_debut": 6
    }
  },
  "micro avg": {
    "precision": 0.8944444444444445,
    "recall": 0.39950372208436724,
    "f1-score": 0.5523156089193826,
    "support": 403
  },
  "macro avg": {
    "precision": 0.5384615384615384,
    "recall": 0.34597386642841194,
    "f1-score": 0.38132220341420786,
    "support": 403
  },
  "weighted avg": {
    "precision": 0.6629127696125215,
    "recall": 0.39950372208436724,
    "f1-score": 0.440258191952712,
    "support": 403
  },
  "accuracy": 0.607681755829904
}