{
  "justification": {
    "precision": 1.0,
    "recall": 0.9939246658566221,
    "f1-score": 0.9969530773918343,
    "support": 823,
    "confused_with": {}
  },
  "micro avg": {
    "precision": 1.0,
    "recall": 0.9939246658566221,
    "f1-score": 0.9969530773918343,
    "support": 823
  },
  "macro avg": {
    "precision": 1.0,
    "recall": 0.9939246658566221,
    "f1-score": 0.9969530773918343,
    "support": 823
  },
  "weighted avg": {
    "precision": 1.0,
    "recall": 0.9939246658566221,
    "f1-score": 0.9969530773918343,
    "support": 823
  },
  "accuracy": 0.9950298210735586
}