{
  "justification": {
    "precision": 0.8888888888888888,
    "recall": 0.07776427703523693,
    "f1-score": 0.1430167597765363,
    "support": 823,
    "confused_with": {
      "duree_contrat": 4
    }
  },
  "micro avg": {
    "precision": 0.8888888888888888,
    "recall": 0.07776427703523693,
    "f1-score": 0.1430167597765363,
    "support": 823
  },
  "macro avg": {
    "precision": 0.8888888888888888,
    "recall": 0.07776427703523693,
    "f1-score": 0.1430167597765363,
    "support": 823
  },
  "weighted avg": {
    "precision": 0.8888888888888888,
    "recall": 0.07776427703523693,
    "f1-score": 0.1430167597765363,
    "support": 823
  },
  "accuracy": 0.23757455268389663
}