{
  "nom_poste": {
    "precision": 1.0,
    "recall": 0.8541666666666666,
    "f1-score": 0.9213483146067416,
    "support": 96,
    "confused_with": {
      "direction": 1
    }
  },
  "micro avg": {
    "precision": 1.0,
    "recall": 0.8541666666666666,
    "f1-score": 0.9213483146067416,
    "support": 96
  },
  "macro avg": {
    "precision": 1.0,
    "recall": 0.8541666666666666,
    "f1-score": 0.9213483146067416,
    "support": 96
  },
  "weighted avg": {
    "precision": 1.0,
    "recall": 0.8541666666666666,
    "f1-score": 0.9213483146067416,
    "support": 96
  },
  "accuracy": 0.9133574007220217
}