{
  "poids": {
    "precision": 1.0,
    "recall": 1.0,
    "f1-score": 1.0,
    "support": 50,
    "confused_with": {}
  },
  "resultat": {
    "precision": 1.0,
    "recall": 0.8388998035363457,
    "f1-score": 0.9123931623931624,
    "support": 509,
    "confused_with": {}
  },
  "objectif": {
    "precision": 1.0,
    "recall": 1.0,
    "f1-score": 1.0,
    "support": 291,
    "confused_with": {}
  },
  "micro avg": {
    "precision": 1.0,
    "recall": 0.9035294117647059,
    "f1-score": 0.9493201483312732,
    "support": 850
  },
  "macro avg": {
    "precision": 1.0,
    "recall": 0.9462999345121151,
    "f1-score": 0.9707977207977208,
    "support": 850
  },
  "weighted avg": {
    "precision": 1.0,
    "recall": 0.9035294117647059,
    "f1-score": 0.9475389643036701,
    "support": 850
  },
  "accuracy": 0.9371165644171779
}