{
  "situation_budget": {
    "precision": 1.0,
    "recall": 0.9230769230769231,
    "f1-score": 0.9600000000000001,
    "support": 39,
    "confused_with": {}
  },
  "motif": {
    "precision": 1.0,
    "recall": 1.0,
    "f1-score": 1.0,
    "support": 59,
    "confused_with": {}
  },
  "micro avg": {
    "precision": 1.0,
    "recall": 0.9693877551020408,
    "f1-score": 0.9844559585492229,
    "support": 98
  },
  "macro avg": {
    "precision": 1.0,
    "recall": 0.9615384615384616,
    "f1-score": 0.98,
    "support": 98
  },
  "weighted avg": {
    "precision": 1.0,
    "recall": 0.9693877551020408,
    "f1-score": 0.9840816326530613,
    "support": 98
  },
  "accuracy": 0.9891304347826086
}