{
  "objectif": {
    "precision": 0.21647940074906366,
    "recall": 0.4587301587301587,
    "f1-score": 0.294147582697201,
    "support": 630,
    "confused_with": {
      "resultat": 48
    }
  },
  "type_demande": {
    "precision": 0.8586572438162544,
    "recall": 0.6377952755905512,
    "f1-score": 0.7319277108433735,
    "support": 381,
    "confused_with": {
      "id_demande": 121,
      "justification": 5
    }
  },
  "date_mise_en_service": {
    "precision": 0.175,
    "recall": 0.08333333333333333,
    "f1-score": 0.11290322580645161,
    "support": 84,
    "confused_with": {
      "date_debut": 77
    }
  },
  "nature_contrat": {
    "precision": 0.4470588235294118,
    "recall": 0.9047619047619048,
    "f1-score": 0.5984251968503936,
    "support": 42,
    "confused_with": {
      "effectif": 2,
      "justification": 1
    }
  },
  "date_fin": {
    "precision": 0.0,
    "recall": 0.0,
    "f1-score": 0.0,
    "support": 8,
    "confused_with": {
      "date_debut": 8
    }
  },
  "nom_flux": {
    "precision": 0.4918032786885246,
    "recall": 0.2857142857142857,
    "f1-score": 0.3614457831325301,
    "support": 105,
    "confused_with": {
      "action_type": 20
    }
  },
  "nom_poste": {
    "precision": 0.6886792452830188,
    "recall": 0.42441860465116277,
    "f1-score": 0.525179856115108,
    "support": 172,
    "confused_with": {
      "justification": 24
    }
  },
  "exploitation": {
    "precision": 1.0,
    "recall": 0.9960474308300395,
    "f1-score": 0.998019801980198,
    "support": 253,
    "confused_with": {}
  },
  "responsable_rh": {
    "precision": 0.5480769230769231,
    "recall": 0.49137931034482757,
    "f1-score": 0.5181818181818182,
    "support": 116,
    "confused_with": {
      "nom_encadreur": 44
    }
  },
  "motif": {
    "precision": 0.9166666666666666,
    "recall": 0.6567164179104478,
    "f1-score": 0.7652173913043478,
    "support": 67,
    "confused_with": {
      "justification": 12,
      "info_type": 6
    }
  },
  "effectif": {
    "precision": 0.14893617021276595,
    "recall": 1.0,
    "f1-score": 0.25925925925925924,
    "support": 7,
    "confused_with": {}
  },
  "situation_budget": {
    "precision": 0.6153846153846154,
    "recall": 0.35555555555555557,
    "f1-score": 0.4507042253521127,
    "support": 45,
    "confused_with": {
      "info_type": 5
    }
  },
  "poste_encadreur": {
    "precision": 0.0,
    "recall": 0.0,
    "f1-score": 0.0,
    "support": 12,
    "confused_with": {
      "nom_encadreur": 5
    }
  },
  "action_type": {
    "precision": 0.0,
    "recall": 0.0,
    "f1-score": 0.0,
    "support": 27,
    "confused_with": {
      "justification": 6,
      "intention_demande": 4
    }
  },
  "dotation": {
    "precision": 0.6761363636363636,
    "recall": 0.6685393258426966,
    "f1-score": 0.672316384180791,
    "support": 178,
    "confused_with": {
      "action_demandee": 3
    }
  },
  "commentaire": {
    "precision": 0.6363636363636364,
    "recall": 0.2641509433962264,
    "f1-score": 0.3733333333333333,
    "support": 106,
    "confused_with": {
      "justification": 26
    }
  },
  "direction": {
    "precision": 0.7159090909090909,
    "recall": 0.42567567567567566,
    "f1-score": 0.5338983050847457,
    "support": 148,
    "confused_with": {
      "info_type": 61
    }
  },
  "justification": {
    "precision": 0.11643835616438356,
    "recall": 0.12114014251781473,
    "f1-score": 0.11874272409778813,
    "support": 842,
    "confused_with": {
      "info_type": 11
    }
  },
  "id_demande": {
    "precision": 0.48333333333333334,
    "recall": 0.9775280898876404,
    "f1-score": 0.6468401486988847,
    "support": 178,
    "confused_with": {}
  },
  "duree_contrat": {
    "precision": 0.5862068965517241,
    "recall": 1.0,
    "f1-score": 0.7391304347826086,
    "support": 34,
    "confused_with": {}
  },
  "date_debut": {
    "precision": 0.125,
    "recall": 0.8125,
    "f1-score": 0.21666666666666667,
    "support": 16,
    "confused_with": {
      "date_mise_en_service": 3
    }
  },
  "nom_validateur": {
    "precision": 0.875,
    "recall": 0.6811594202898551,
    "f1-score": 0.7660069848661234,
    "support": 483,
    "confused_with": {
      "nom_encadreur": 63
    }
  },
  "action_demandee": {
    "precision": 0.0,
    "recall": 0.0,
    "f1-score": 0.0,
    "support": 25,
    "confused_with": {
      "type_demande": 19,
      "justification": 6
    }
  },
  "resultat": {
    "precision": 0.730593607305936,
    "recall": 0.532150776053215,
    "f1-score": 0.615779345734445,
    "support": 902,
    "confused_with": {
      "justification": 91
    }
  },
  "nom_encadreur": {
    "precision": 0.2707774798927614,
    "recall": 0.520618556701031,
    "f1-score": 0.3562610229276896,
    "support": 194,
    "confused_with": {
      "nom_validateur": 14
    }
  },
  "poids": {
    "precision": 0.410958904109589,
    "recall": 0.743801652892562,
    "f1-score": 0.5294117647058822,
    "support": 121,
    "confused_with": {
      "objectif": 3
    }
  },
  "intention_demande": {
    "precision": 0.21652421652421652,
    "recall": 0.31932773109243695,
    "f1-score": 0.25806451612903225,
    "support": 238,
    "confused_with": {
      "action_type": 48
    }
  },
  "info_type": {
    "precision": 0.051118210862619806,
    "recall": 0.7441860465116279,
    "f1-score": 0.09566517189835576,
    "support": 43,
    "confused_with": {
      "objectif": 10,
      "nom_poste": 1
    }
  },
  "micro avg": {
    "precision": 0.38968357173818813,
    "recall": 0.49422759758108853,
    "f1-score": 0.4357731459040233,
    "support": 5457
  },
  "macro avg": {
    "precision": 0.42861080225217496,
    "recall": 0.5037582370815374,
    "f1-score": 0.41205459480818357,
    "support": 5457
  },
  "weighted avg": {
    "precision": 0.5151553040611385,
    "recall": 0.49422759758108853,
    "f1-score": 0.47996178502079295,
    "support": 5457
  },
  "accuracy": 0.5492235790743254
}