{
  "dotation": {
    "precision": 1.0,
    "recall": 0.9815950920245399,
    "f1-score": 0.9907120743034055,
    "support": 163,
    "confused_with": {}
  },
  "micro avg": {
    "precision": 1.0,
    "recall": 0.9815950920245399,
    "f1-score": 0.9907120743034055,
    "support": 163
  },
  "macro avg": {
    "precision": 1.0,
    "recall": 0.9815950920245399,
    "f1-score": 0.9907120743034055,
    "support": 163
  },
  "weighted avg": {
    "precision": 1.0,
    "recall": 0.9815950920245399,
    "f1-score": 0.9907120743034055,
    "support": 163
  },
  "accuracy": 0.9880478087649402
}