{
  "dotation": {
    "precision": 1.0,
    "recall": 0.10429447852760736,
    "f1-score": 0.18888888888888886,
    "support": 163,
    "confused_with": {}
  },
  "micro avg": {
    "precision": 1.0,
    "recall": 0.10429447852760736,
    "f1-score": 0.18888888888888886,
    "support": 163
  },
  "macro avg": {
    "precision": 1.0,
    "recall": 0.10429447852760736,
    "f1-score": 0.18888888888888886,
    "support": 163
  },
  "weighted avg": {
    "precision": 1.0,
    "recall": 0.10429447852760736,
    "f1-score": 0.18888888888888886,
    "support": 163
  },
  "accuracy": 0.41434262948207173
}